{
  "app_name": "one",
  "version": "2.0.0",
  "app_description": "Quantum application for one",
  "author": "Quantum CLI SDK User",
  "license": "MIT",
  "format": "zip",
  "application_type": "circuit",
  "application_source_type": "openqasm",
  "application_source_file": "one.qasm",
  "input": {
    "format": "json",
    "parameters": {
      "shots": 1024,
      "simulator": "qiskit"
    }
  },
  "expected_output": {
    "format": "json",
    "example": {
      "counts": {
        "00": 512,
        "11": 512
      },
      "execution_time": 0.05
    }
  },
  "quantum_cli_sdk_version": "latest",
  "preferred_hardware": "simulator",
  "compatible_hardware": [
    "simulator",
    "qiskit",
    "cirq",
    "braket"
  ],
  "keywords": [
    "quantum",
    "circuit"
  ],
  "readme": "# one\n\nQuantum circuit project generated by quantum-cli-sdk."
}